title,company,location,link
"Engineering Manager, People AI",Facebook,"Zürich, Switzerland",https://stackoverflow.com/jobs/359001
"Data Engineer, Machine Learning",Facebook,"Fremont, CA",https://stackoverflow.com/jobs/353943
AR/VR Tools Engineer,Facebook,"Los Angeles, CA",https://stackoverflow.com/jobs/353937
"Data Engineering Manager, Community Integrity",Facebook,"London, UK",https://stackoverflow.com/jobs/353932
"Software Engineer, Probability",Facebook,"Menlo Park, CA",https://stackoverflow.com/jobs/353927
Image Quality & Optical Test Engineer,Facebook,"Redmond, WA",https://stackoverflow.com/jobs/353926
"Software Engineer, Machine Learning",Facebook,"Menlo Park, CA",https://stackoverflow.com/jobs/353911
"Data Engineering Manager, Analytics (Growth)",Facebook,"Menlo Park, CA",https://stackoverflow.com/jobs/353941
"Data Engineering Manager, Analytics (Messenger)",Facebook,"Menlo Park, CA",https://stackoverflow.com/jobs/370916
Software Engineer - Platform Security Engineer,Facebook,"Seattle, WA",https://stackoverflow.com/jobs/353914
システムエンジニア,バークリー・ジャパン株式会社,"Shinjuku City, Japan",https://stackoverflow.com/jobs/364482
爆速成長中のAIスタートアップで働くフルスタックエンジニア募集,株式会社AVILEN,"Chuo City, Japan",https://stackoverflow.com/jobs/364478
社内SE/アプリ,WASSHA株式会社,"Bunkyo City, Japan",https://stackoverflow.com/jobs/347809
SE　PG,株式会社トップクラウド,"Yokohama, Japan",https://stackoverflow.com/jobs/364462
開発ディレクター,株式会社ソフトギア,"Shinjuku City, Japan",https://stackoverflow.com/jobs/364455
社内SE/アプリ,株式会社CINC,"Minato City, Japan",https://stackoverflow.com/jobs/319401
ツール開発(Python),株式会社キャリアデザインITパートナーズ,"Shinjuku City, Japan",https://stackoverflow.com/jobs/364454
データベースエンジニア《データベース分析基盤を担当》,株式会社D2C,"Chiyoda City, Japan",https://stackoverflow.com/jobs/310048
Javaエンジニア,株式会社ダイヤモンドファンタジー,"Chuo City, Japan",https://stackoverflow.com/jobs/318627
インフラエンジニア,株式会社ゆめみ,"Osaka, Japan",https://stackoverflow.com/jobs/364424
社内SE/アプリ,フィフスプランニング株式会社,"Osaka, Japan",https://stackoverflow.com/jobs/364423
エンジニア/中途 「売上高1000億超」を目指すシステムのSRE担当,オイシックス・ラ・大地株式会社,"Shinagawa City, Japan",https://stackoverflow.com/jobs/364422
Rubyエンジニア_4 / インターネット/Webサービス・ASP,株式会社 Crunch Style,"Shinagawa City, Japan",https://stackoverflow.com/jobs/338306
【北海道勤務】データサイエンティスト / インターネット/Webサービス・ASP,株式会社 ファームノート,"Obihiro, Japan",https://stackoverflow.com/jobs/356488
Webエンジニア/アプリ,ノイン株式会社,"Shinjuku City, Japan",https://stackoverflow.com/jobs/355555
ITエンジニア(宮崎),株式会社オロ,"Miyazaki, Japan",https://stackoverflow.com/jobs/364409
製品開発[IT]/開発,京セラドキュメントソリューションズ株式会社,"Yokohama, Japan",https://stackoverflow.com/jobs/364405
開発ディレクター,NECマネジメントパートナー株式会社,"Kawasaki, Japan",https://stackoverflow.com/jobs/341390
顧客向けSE/アプリ,フロムジョイン株式会社,"Nagoya, Japan",https://stackoverflow.com/jobs/309434
フロントエンドエンジニア / インターネット/Webサービス・ASP,株式会社 N2i,"Chiyoda City, Japan",https://stackoverflow.com/jobs/364395
バックエンドエンジニア / インターネット/Webサービス・ASP,株式会社 N2i,"Chiyoda City, Japan",https://stackoverflow.com/jobs/364394
顧客向けSE,株式会社MICS,"Minato City, Japan",https://stackoverflow.com/jobs/364392
Webエンジニア/アプリ,スリーアールソフトウェア株式会社,"Fukuoka, Japan",https://stackoverflow.com/jobs/364391
顧客向けSE/アプリ,株式会社シイエヌエス北海道,"Sapporo, Japan",https://stackoverflow.com/jobs/315376
クレジットカードシステムの開発業務,株式会社ビーネックステクノロジーズ,"Nagoya, Japan",https://stackoverflow.com/jobs/364389
組込E/開発･プログラミング,株式会社コスモスウェブ,"Sendai, Japan",https://stackoverflow.com/jobs/308891
Full Stack Java Developer,National computer systems,"Hyderabad, India",https://stackoverflow.com/jobs/373721
Software Engineer - Java Frontend Developer,JP Morgan Chase,"Hyderabad, India",https://stackoverflow.com/jobs/373707
Java Full Stack Developer in Hyderabad Location,Globex Digital Solutions,"Hyderabad, India",https://stackoverflow.com/jobs/373706
解析技術エンジニア / システムインテグレータ・ソフトハウス,株式会社 想画,"Kita City, Japan",https://stackoverflow.com/jobs/351089
製品開発[IT]/基礎研究･R&D,株式会社IPG,"Chuo City, Japan",https://stackoverflow.com/jobs/351086
DevOps Engineer,"BitBrew, Inc.","Ann Arbor, MI",https://stackoverflow.com/jobs/339617
自社内メインのシステム開発/年間休日121日,株式会社ナレッジアンドマテリアルズ,"Hamamatsu, Japan",https://stackoverflow.com/jobs/309268
データエンジニア,アクサ損害保険株式会社,"Taito City, Japan",https://stackoverflow.com/jobs/339538
品質保証スペシャリスト100%自社開発プロダクトの品質管理責任者,ソフトブレーン株式会社,"Chuo City, Japan",https://stackoverflow.com/jobs/320943
外国人大歓迎 エンジニア 国籍関係なく大活躍できる!!,アクサス株式会社,"Nagoya, Japan",https://stackoverflow.com/jobs/339501
Senior Data Engineer,Traveloka,"Jakarta, Indonesia",https://stackoverflow.com/jobs/351030
[ 紹介案件 ] テックリード/新卒事業部【大手人材紹介企業】,Fidel Consulting,"Shibuya City, Japan",https://stackoverflow.com/jobs/320279
サイバーセキュリティ管理 / モバイル/アプリサービス,株式会社 エムティーアイ,"Shinjuku City, Japan",https://stackoverflow.com/jobs/320254
機械学習エンジニア,ウタゴエ株式会社,"Shinjuku City, Japan",https://stackoverflow.com/jobs/320235
데이터 분석가 (Business Intelligence Analyst),코스닥 상장 중견 게임기업,서울 강남구,https://kr.indeed.com/viewjob?jk=c1037225077ca4da
[Search & Clova] Clova AI 인재,네이버,대한민국,https://kr.indeed.com/viewjob?jk=92bd400e3b5306ba
Junior network admin,WangsuTech,서울,https://kr.indeed.com/viewjob?jk=a030a599df3b6b76
[전문연구요원] 상시,네이버,대한민국,https://kr.indeed.com/viewjob?jk=b79c2ae536063b01
Global Music 데이터 분석가 연계형 인턴십,네이버,대한민국,https://kr.indeed.com/viewjob?jk=2cd6b141cc9905a7
[Search & Clova] 네이버 Data Science 데이터 분석 신입/경력사원,네이버,대한민국,https://kr.indeed.com/viewjob?jk=9e73c6c0c12902dd
Speech Recognition & Synthesis Engineer,현대자동차,대한민국,https://kr.indeed.com/viewjob?jk=fb21ea899c7580fe
경력,LG CNS,서울,https://kr.indeed.com/viewjob?jk=3ecd87a745e7b526
AI Platform Engineer,현대자동차,대한민국,https://kr.indeed.com/viewjob?jk=03afc264de494fa3
데이터 분석가,카카오,성남 판교역,https://kr.indeed.com/viewjob?jk=092d062a6faa7139
Student Intern (South Korea),SAP,서울,https://kr.indeed.com/viewjob?jk=f83c468b246ce9ef
MPK / MPI-SD Joint Postdoctoral Position for Ultrafast Nonlinear Spectroscopy in Solids (Theory),POSTECH / Max Planck POSTECH/KOREA Res. Init.,대한민국,https://kr.indeed.com/viewjob?jk=e11bc11a4d72cc54
MPK / MPI-SD Joint Postdoctoral Position for Ultrafast Nonlinear Spectroscopy in Solids (Theory),POSTECH / Max Planck POSTECH/KOREA Res. Init.,대한민국,https://kr.indeed.com/viewjob?jk=e11bc11a4d72cc54
2020년 경력사원 공개 (접수기한 연장),LG상사,서울 종로구,https://kr.indeed.com/viewjob?jk=ff04e97830ca895a
2020년 RF/Package설계/Test개발 신입/경력,앰코테크놀로지코리아,인천 연수구,https://kr.indeed.com/viewjob?jk=ca3ae9fb21acddd3
Data Scientist,Boston Consulting Group,서울,https://kr.indeed.com/viewjob?jk=ce6747e77c861c46
AI/빅데이터 분야 (인재 Pool),LG유플러스,서울,https://kr.indeed.com/viewjob?jk=fb617eeb80ea6fa9
유저프로파일팀 - 데이터 모델러,Nexon,성남 분당구,https://kr.indeed.com/viewjob?jk=8dfc9993e2aa9160
Data Analyst,Axiologic Solutions,서울,https://kr.indeed.com/viewjob?jk=eb45c08f4c4a43d8
Process & Data Scientist,Applied Materials Inc.,대한민국,https://kr.indeed.com/viewjob?jk=b87ff4aabad6e65e
[Search & Clova] Commerce AI 기술 개발 신입/경력사원,네이버,대한민국,https://kr.indeed.com/viewjob?jk=faf0422473d4188a
Global Music 데이터 분석가 채용연계형 인턴십 모집,NAVER,성남 정자동,https://kr.indeed.com/viewjob?jk=9000605ffc33a5d2
"Research Intern, 2020",Google,서울,https://kr.indeed.com/viewjob?jk=9a17133e36675189
데이터 분석가 (Business Intelligence Analyst),코스닥 상장 중견 게임기업,서울 강남구,https://kr.indeed.com/viewjob?jk=c1037225077ca4da
